mz_rt,b1,b3,FC_post_div_pre,p,log2_FC_post_div_pre,neglog10p,mz,rt,MPA,Cluster_ID,Cluster_features,Cluster_size
1017.6873_3.095,75746.06832956868,62740.61866371087,0.8283019838168825,0.0191,-0.271771250922886,1.7189666327522726,1017.6873,3.095,73127.78,1017.6873_3.095,1017.6873_3.095,1
1020.8931_11.508,9534.40812287714,11570.855922776731,1.2135893254887296,0.00805,0.2792803010698635,2.0942041196321317,1020.8931,11.508,10886.042,1020.8931_11.508,1020.8931_11.508,1
1028.9572_12.137,3355.257954234546,2719.6093344691885,0.8105514900983607,0.0477,-0.30302425936039173,1.321481620959886,1028.9572,12.137,3173.3713,1028.9572_12.137,1028.9572_12.137,1
1034.9093_11.511,4654.976977861581,5509.4467964582,1.1835604821807622,0.015,0.24313343240349689,1.8239087409443189,1034.9093,11.511,5182.441,1034.9093_11.511,1034.9093_11.511,1
1034.911_11.594,2916.4801698592187,3749.816909150652,1.2857337237892688,0.00731,0.36259189060879626,2.1360826230421397,1034.911,11.594,3419.2214,1034.911_11.594,1034.911_11.594,1
1039.6688_3.106,11227.992512649787,9519.359032743938,0.8478237781169828,0.0111,-0.23816366601453043,1.9546770212133426,1039.6688,3.106,10021.356,1039.6688_3.106,1039.6688_3.106,1
104.1071_0.537,161465.31309592092,187109.24484576864,1.158820066416454,0.00309,0.21265657200336247,2.5100415205751654,104.1071,0.537,170244.22,104.1071_0.537,104.1071_0.537,1
1041.9353_11.754,3922.718826825265,4698.411287057835,1.1977435790013922,0.0381,0.26031907932905396,1.4190750243243806,1041.9353,11.754,4155.742,1041.9353_11.754,1041.9353_11.754,1
1083.7892_6.33,2973.595613458023,7205.234816666994,2.4230715111554653,0.0253,1.276836983108266,1.596879478824182,1083.7892,6.33,3955.184,1083.7892_6.33,1083.7892_6.33,1
1151.3639_7.711,10989.611243700134,9335.161327000338,0.8494532809203583,0.00368,-0.23539349207820115,2.4341521813264824,1151.3639,7.711,11167.553,1151.3639_7.711,1151.3639_7.711,1
1151.8656_7.71,15256.603982470213,12579.58724462133,0.8245339040768991,2.06e-5,-0.2783492777098102,4.686132779630847,1151.8656,7.71,15044.833,1151.8656_7.71,1151.8656_7.71,1
118.0864_0.597,254329.23924731856,327613.3085638855,1.2881464574558923,1.05e-5,0.3652966318323613,4.978810700930062,118.0864,0.597,276073.47,118.0864_0.597,118.0864_0.597,1
1192.8412_6.709,4756.778848853043,5607.300171168127,1.1788019475658749,0.034,0.23732134913521283,1.4685210829577449,1192.8412,6.709,5208.0356,1192.8412_6.709,1192.8412_6.709,1
1193.3431_6.71,6572.550709941495,7597.55727064225,1.1559526287336745,0.0141,0.20908227699833878,1.85078088734462,1193.3431,6.71,6935.0156,1193.3431_6.71,1193.3431_6.71,1
1193.9116_8.867,3859.423199800573,2683.466278733611,0.695302416918744,0.0373,-0.5242874904420357,1.4282911681913124,1193.9116,8.867,3259.787,1193.9116_8.867,1193.9116_8.867,1
1204.4035_8.865,5737.215233632016,3991.792517195489,0.6957717907801821,0.0133,-0.5233139070570939,1.8761483590329142,1204.4035,8.865,5006.194,1204.4035_8.865,1204.4035_8.865,1
1205.4054_8.863,6075.639533313853,4030.2776174405785,0.6633503510769233,0.00451,-0.5921570582446574,2.3458234581220396,1205.4054,8.863,5434.1494,1205.4054_8.863,1205.4054_8.863,1
1205.4975_9.898,4667.992761036618,3651.3553392738145,0.7822110114975759,0.0103,-0.35437024927786115,1.9871627752948278,1205.4975,9.898,3774.7139,1205.4975_9.898,1205.4975_9.898,1
1216.4896_9.892,8356.63972431913,7066.304693927857,0.8455916405446803,0.0151,-0.24196698047086634,1.8210230527068305,1216.4896,9.892,7494.0635,1216.4896_9.892,1216.4896_9.892,1
1226.4736_8.96,4270.514725443979,5084.567020961438,1.1906215872918755,0.0436,0.2517149573793826,1.360513510731414,1226.4736,8.96,4077.722,1226.4736_8.96,1226.4736_8.96,1
1231.5117_9.905,4002.54783880502,4879.664357424406,1.2191395465947144,0.0417,0.28586327087829033,1.3798639450262424,1231.5117,9.905,4343.908,1231.5117_9.905,1231.5117_9.905,1
1242.5051_10.22,4428.98007957661,3506.0950990485444,0.7916258452405844,0.0122,-0.33710938018796593,1.9136401693252518,1242.5051,10.22,3379.365,1242.5051_10.22,1242.5051_10.22,1
1242.5053_9.906,6299.320312601362,7657.492307256454,1.2156061173676407,0.025,0.28167584015197616,1.6020599913279623,1242.5053,9.906,6581.001,1242.5053_9.906,1242.5053_9.906,1
1259.7951_10.087,6604.842118913612,5456.059555628198,0.8260696406359567,4.62e-5,-0.27566468374503783,4.335358024443875,1259.7951,10.087,6117.475,1259.7951_10.087,1259.7951_10.087,1
1263.8289_10.349,6958.041825501104,5994.122421581818,0.861466856898368,0.0109,-0.2151328019869357,1.9625735020593764,1263.8289,10.349,6365.2812,1263.8289_10.349,1263.8289_10.349,1
1267.2019_12.079,3888.022352170955,5842.506099343102,1.5026935470370486,0.0493,0.5875508221293901,1.30715308072277,1267.2019,12.079,4624.129,1267.2019_12.079,1267.2019_12.079,1
1272.1559_12.098,1655.6043333124826,3220.2860514123527,1.9450819175915677,0.00295,0.9598309159386896,2.530177984021837,1272.1559,12.098,2192.6936,1272.1559_12.098,1272.1559_12.098,1
1298.1727_12.089,13032.298243491316,15650.456428254138,1.2008976571780348,0.0103,0.2641132070193769,1.9871627752948278,1298.1727,12.089,14869.571,1298.1727_12.089,1298.1727_12.089,1
1298.1983_10.827,14815.688292882174,12812.075689442156,0.8647641227439562,0.00125,-0.20962142497514386,2.9030899869919438,1298.1983,10.827,13962.417,1298.1983_10.827,1298.1983_10.827,1
1299.1762_12.078,12209.891703830297,15230.071548166568,1.2473551705121861,0.00261,0.31887231503060287,2.583359492661719,1299.1762,12.078,14154.547,1299.1762_12.078,1299.1762_12.078,1
1322.2624_10.832,9880.858843860358,6620.746374122378,0.6700577833106373,0.0015,-0.5776425812555934,2.8239087409443187,1322.2624,10.832,7861.585,Cluster_1322.2624_10.832,1322.2624_10.832;1323.2657_10.832,2
1329.2228_12.335,4085.621045706356,4832.262680121223,1.1827486264785922,0.0147,0.24214348545437828,1.832682665251824,1329.2228,12.335,4372.673,1329.2228_12.335,1329.2228_12.335,1
1339.0138_6.829,3242.3171152779823,2561.189726722645,0.7899257338692053,0.0332,-0.3402110725027784,1.4788619162959638,1339.0138,6.829,2807.4639,1339.0138_6.829,1339.0138_6.829,1
1341.0272_6.83,3640.5909950970754,2328.9610634499086,0.6397206021182853,0.00252,-0.644486149070718,2.598599459218456,1341.0272,6.83,2811.9167,1341.0272_6.83,1341.0272_6.83,1
1347.1765_11.909,8564.582592524031,11125.262163749752,1.298984748359006,0.00944,0.3773844919128144,2.025028005701931,1347.1765,11.909,9335.486,1347.1765_11.909,1347.1765_11.909,1
1363.015_6.835,6830.819763265612,4691.539483506428,0.6868193930011619,0.00212,-0.5419973191005985,2.673664139071249,1363.015,6.835,6341.818,1363.015_6.835,1363.015_6.835,1
1365.0287_6.836,8889.518152942912,6157.954102361555,0.6927207972822395,3.52e-5,-0.529654106941943,4.453457336521869,1365.0287,6.836,7265.7046,1365.0287_6.836,1365.0287_6.836,1
1369.1611_11.766,25027.6457894468,29799.45540148894,1.190661544924622,0.039,0.2517633738636172,1.408935392973501,1369.1611,11.766,24576.422,Cluster_1369.1611_11.766,1368.1577_11.767;1369.1611_11.766,2
1389.0311_6.813,3356.537365933754,2742.6460400909127,0.8171057673680737,0.00431,-0.29140525986861737,2.3655227298392685,1389.0311,6.813,2910.506,1389.0311_6.813,1389.0311_6.813,1
1444.1182_6.522,3566.6260421479765,2965.524729845834,0.831465002162062,0.0197,-0.266272555692139,1.705533773838407,1444.1182,6.522,3232.0913,1444.1182_6.522,1444.1182_6.522,1
1458.1721_6.714,3432.365340232936,4485.075461635922,1.3067010696861145,0.0168,0.38592913760823294,1.7746907182741372,1458.1721,6.714,3572.898,1458.1721_6.714,1458.1721_6.714,1
1470.0283_7.811,2316.422493070372,2873.4359983658787,1.2404628287636752,0.0375,0.3108785046283438,1.4259687322722812,1470.0283,7.811,2786.466,1470.0283_7.811,1470.0283_7.811,1
1473.1717_7.517,15447.868817770383,18515.477651223326,1.19857812554209,0.0398,0.26132394958670674,1.4001169279263121,1473.1717,7.517,16214.696,Cluster_1473.1717_7.517,1473.1717_7.517;1474.1752_7.518,2
1475.1518_7.004,9141.060321870142,10919.832663478537,1.1945914673982243,0.00164,0.2565173221992321,2.785156151952302,1475.1518,7.004,10080.868,1475.1518_7.004,1475.1518_7.004,1
1476.1552_7.005,8363.508938327193,9979.070355232994,1.1931678950568483,5.94e-4,0.2547970642596073,3.2262135550188065,1476.1552,7.005,9496.806,1476.1552_7.005,1476.1552_7.005,1
1481.1402_7.792,3652.8471180400643,4344.344466915676,1.189303665477967,0.017,0.25011712613880277,1.7695510786217261,1481.1402,7.792,3796.878,1481.1402_7.792,1481.1402_7.792,1
1482.1063_6.531,5052.711095029911,3777.7216915021054,0.7476623183973558,0.00442,-0.4195412707269485,2.354577730650908,1482.1063,6.531,4049.217,1482.1063_6.531,1482.1063_6.531,1
1486.0818_6.746,1950.1622335327306,1139.619752136991,0.5843717679182839,0.0388,-0.7750416143300503,1.4111682744057927,1486.0818,6.746,1415.201,1486.0818_6.746,1486.0818_6.746,1
1497.1674_7.486,4409.204636808723,5423.361906958717,1.2300091181261246,0.0139,0.298669010382876,1.856985199745905,1497.1674,7.486,4551.77,1497.1674_7.486,1497.1674_7.486,1
1504.14_8.066,6373.3903681062575,5081.085697911123,0.7972343453710148,0.0232,-0.32692423113650226,1.6345120151091004,1504.14,8.066,6014.412,1504.14_8.066,1504.14_8.066,1
1520.1651_7.717,701412.1658968292,523387.1597833723,0.746190592679793,5.01e-4,-0.42238392285885756,3.300162274132754,1520.1651,7.717,636290.6,Cluster_1520.1651_7.717,1520.1651_7.717;1521.1684_7.718;762.6491_7.715;763.5945_7.717,4
1522.0815_7.299,3940.4842705139968,3305.713276866933,0.8389104104800134,0.0463,-0.2534113453157714,1.334419008982047,1522.0815,7.299,3992.9814,1522.0815_7.299,1522.0815_7.299,1
1524.1325_6.944,6365.267825042646,4258.537829107852,0.6690272815157343,0.0114,-0.5798630527725537,1.9430951486635273,1524.1325,6.944,4842.253,1524.1325_6.944,1524.1325_6.944,1
1528.1659_7.665,24818.9927672272,21572.41091312266,0.8691896208458725,0.0219,-0.2022571477537986,1.6595558851598817,1528.1659,7.665,23749.658,Cluster_1528.1659_7.665,1528.1659_7.665;1529.1702_7.665,2
1530.1768_7.745,13567.680032650602,11064.072296103746,0.8154726725186674,0.0198,-0.2942915636061006,1.7033348097384688,1530.1768,7.745,12505.88,1530.1768_7.745,1530.1768_7.745,1
1531.181_7.771,12010.245512567191,9045.511878618714,0.753149622891034,0.0109,-0.40899159153096776,1.9625735020593764,1531.181,7.771,10560.03,1531.181_7.771,1531.181_7.771,1
1531.2124_8.09,4910.775735647233,6201.5608740895195,1.262847502701559,2.18e-4,0.33668043454958196,3.661543506395395,1531.2124,8.09,5761.787,1531.2124_8.09,1531.2124_8.09,1
1531.6527_7.711,10741.66779381463,7985.254843253012,0.7433905978595948,2.04e-4,-0.4278076532670768,3.6903698325741012,1531.6527,7.711,10341.242,1531.6527_7.711,1531.6527_7.711,1
1532.1582_7.713,12409.868904062236,9923.577929806428,0.7996521161120447,0.00195,-0.3225555942827815,2.709965388637482,1532.1582,7.713,12073.794,1532.1582_7.713,1532.1582_7.713,1
1535.1521_6.713,43564.03057731937,51692.122951118545,1.1865780614439032,0.00594,0.24680701427268908,2.2262135550188065,1535.1521,6.713,47612.23,Cluster_1535.1521_6.713,1535.1521_6.713;1536.1554_6.715,2
1542.645_7.698,8584.643192085347,7293.878925434183,0.8496426423591851,3.25e-5,-0.23507192011028694,4.488116639021126,1542.645,7.698,8252.129,1542.645_7.698,1542.645_7.698,1
1543.2104_7.94,4735.285176842351,6118.845922995661,1.2921810819165733,0.0205,0.36980825863641414,1.6882461389442456,1543.2104,7.94,5622.164,Cluster_1543.2104_7.94,1543.2104_7.94;1544.2137_7.94,2
1546.1749_7.78,9781.971619175507,7436.767802176511,0.7602524410925795,0.00375,-0.39544955127810966,2.425968732272281,1546.1749,7.78,9407.321,1546.1749_7.78,1546.1749_7.78,1
1546.1772_8.02,9242.378021637027,7717.352470983633,0.8349964103304142,0.00386,-0.26015809946790813,2.413412695328245,1546.1772,8.02,8969.592,1546.1772_8.02,1546.1772_8.02,1
1547.1793_7.789,9316.108894259354,7398.274777966471,0.7941378596943339,0.0398,-0.3325386187117275,1.4001169279263121,1547.1793,7.789,8886.707,1547.1793_7.789,1547.1793_7.789,1
1547.1803_7.856,8662.948944647882,6694.260507160851,0.772746157218978,0.043,-0.37193352014861736,1.3665315444204136,1547.1803,7.856,8285.769,1547.1803_7.856,1547.1803_7.856,1
1547.245_8.769,3111.223864376355,2456.0533464441123,0.7894171083495557,0.0262,-0.34114030904423215,1.5816987086802545,1547.245,8.769,2917.3198,1547.245_8.769,1547.245_8.769,1
1548.1302_6.87,10892.327596349813,8911.333813731968,0.8181294342192107,0.0349,-0.2895989884758043,1.45717457304082,1548.1302,6.87,10011.051,1548.1302_6.87,1548.1302_6.87,1
1548.6249_6.858,7419.251974545398,8697.407960625063,1.1722755866042658,0.00132,0.22931176830099204,2.87942606879415,1548.6249,6.858,8221,1548.6249_6.858,1548.6249_6.858,1
1550.1462_7.021,5793.971015442134,3914.862451926248,0.6756786393118516,0.0208,-0.5655908479457461,1.6819366650372385,1550.1462,7.021,4816.044,1550.1462_7.021,1550.1462_7.021,1
1550.14_6.908,6336.290646065275,4858.890904969581,0.7668352315856702,0.0105,-0.3830114729748344,1.978810700930062,1550.14,6.908,5534.4966,Cluster_1550.14_6.908,1525.1338_6.906;1550.14_6.908,2
1557.1328_6.71,5693.626210556007,6705.656370780367,1.177747910171562,0.0125,0.23603077205015702,1.9030899869919435,1557.1328,6.71,6042.471,1557.1328_6.71,1557.1328_6.71,1
1558.1201_7.783,7698.42756478237,9273.215263607306,1.2045596565757197,0.0137,0.2685058457263791,1.8632794328435933,1558.1201,7.783,7975.745,Cluster_1558.1201_7.783,1558.1201_7.783;1559.1256_7.781,2
1558.1357_6.713,6123.120597214609,7214.4562508784675,1.1782319384923277,0.00813,0.23662356597260012,2.089909454405932,1558.1357,6.713,6518.383,1558.1357_6.713,1558.1357_6.713,1
1560.0999_6.725,9156.185363934861,7207.335605723353,0.7871548378773765,0.0113,-0.3452806448395432,1.9469215565165803,1560.0999,6.725,8631.425,Cluster_1560.0999_6.725,1560.0999_6.725;1561.1011_6.726,2
1562.1488_7.418,7131.663131172984,8706.736236946337,1.2208563524107863,0.022,0.28789346088537837,1.6575773191777938,1562.1488,7.418,7449.899,1562.1488_7.418,1562.1488_7.418,1
1562.1493_7.418,6656.292298982295,8478.043728441771,1.2736886163695083,0.0122,0.34901261940916284,1.9136401693252518,1562.1493,7.418,7449.899,1562.1493_7.418,1562.1493_7.418,1
1563.1535_7.418,6863.760783513358,8782.920939983655,1.279607669468914,0.00974,0.35570154454309977,2.0114410431213843,1563.1535,7.418,7013.9478,1563.1535_7.418,1563.1535_7.418,1
1563.2185_8.966,19340.12681291002,22799.684819888054,1.1788797995196543,0.0211,0.23741662630976848,1.6757175447023074,1563.2185,8.966,20234.842,Cluster_1563.2185_8.966,1563.2185_8.966;1564.2222_8.965,2
1565.1377_6.892,4826710.400726121,1090060.5651333989,0.2258392309945532,0.036,-2.146631973501436,1.4436974992327127,1565.1377,6.892,1229758.4,1565.1377_6.892,1565.1377_6.892,1
1572.1304_7.394,2998.1357159933837,3727.634992475789,1.2433176298827746,0.0199,0.3141949082312202,1.7011469235902934,1572.1304,7.394,3456.18,1572.1304_7.394,1572.1304_7.394,1
1574.2638_8.923,13552.22974620091,10056.03365234858,0.7420206003493693,0.006,-0.4304688546594498,2.221848749616356,1574.2638,8.923,11068.217,Cluster_1574.2638_8.923,1573.2611_8.925;1574.2638_8.923,2
1577.6354_7.106,5139.5938297097555,4301.50799205636,0.8369353950094683,0.013,-0.25681183280078884,1.8860566476931633,1577.6354,7.106,5026.708,1577.6354_7.106,1577.6354_7.106,1
1580.1032_7.792,3221.5730407932087,3860.741425934436,1.1984025744714615,0.0165,0.2611126281860214,1.7825160557860937,1580.1032,7.792,3341.0042,1580.1032_7.792,1580.1032_7.792,1
1585.2008_8.971,7558.960186528999,8868.034877832239,1.1731818476350984,0.0153,0.2304266539014836,1.8153085691824011,1585.2008,8.971,8683.428,1585.2008_8.971,1585.2008_8.971,1
1586.2043_8.972,7715.570311633071,9323.579287823552,1.2084109030496453,0.00595,0.2731111061469552,2.2254830342714502,1586.2043,8.972,9292.398,1586.2043_8.972,1586.2043_8.972,1
1591.2114_7.764,5827.134768747809,7031.768336415187,1.2067282833628783,0.0157,0.27110086385183807,1.8041003475907662,1591.2114,7.764,5984.256,1591.2114_7.764,1591.2114_7.764,1
1592.2118_7.764,5555.8718184938225,6888.631921430861,1.2398831626209739,0.00696,0.31020417815326623,2.157390760389438,1592.2118,7.764,6078.282,1592.2118_7.764,1592.2118_7.764,1
1596.3093_9.895,4687.228736111122,3571.838753145908,0.7620363661000624,0.0304,-0.39206824685338737,1.5171264163912463,1596.3093,9.895,3767.729,1596.3093_9.895,1596.3093_9.895,1
1596.6247_6.715,4596.925011801219,5520.196885911966,1.2008455373408367,0.0196,0.2640505916399799,1.7077439286435239,1596.6247,6.715,5251.067,1596.6247_6.715,1596.6247_6.715,1
1597.1201_6.716,4819.238749338894,5588.948894707398,1.159716126426418,0.00244,0.2137717078386947,2.612610173661271,1597.1201,6.716,5115.0605,1597.1201_6.716,1597.1201_6.716,1
1597.3131_9.894,5021.773504232014,3650.7718501972136,0.7269885523750899,0.0255,-0.4599954481588866,1.5934598195660448,1597.3131,9.894,4084.5212,1597.3131_9.894,1597.3131_9.894,1
1598.1451_7.197,2589.4312949202927,3711.981571642802,1.4335122846953403,2.43e-4,0.5195542680197383,3.614393726401688,1598.1451,7.197,3094.0352,1598.1451_7.197,1598.1451_7.197,1
1604.1937_7.739,5016.539573613513,5996.622652287154,1.1953703472865593,0.00901,0.2574576603964589,2.045275209020937,1604.1937,7.739,4994.7393,1604.1937_7.739,1604.1937_7.739,1
1622.2784_7.959,12497.389140479567,14780.621337412893,1.1826967353955429,0.0107,0.24208018827626515,1.9706162223147903,1622.2784,7.959,13340.117,1622.2784_7.959,1622.2784_7.959,1
1624.3414_10.412,4010.8850368369444,4751.422787867687,1.1846320062104656,0.00684,0.244438970291078,2.164943898279884,1624.3414,10.412,4208.445,1624.3414_10.412,1624.3414_10.412,1
1629.2009_7.725,10248.52290046511,12395.633312815378,1.2095043776750332,0.00869,0.27441599101162173,2.0609802235513337,1629.2009,7.725,11081.57,Cluster_1629.2009_7.725,1628.1971_7.724;1629.2009_7.725,2
1647.2105_8.001,11253.858821245482,12951.828096977777,1.1508788498862987,0.0418,0.20273597259491968,1.3788237182249647,1647.2105,8.001,12041.964,1647.2105_8.001,1647.2105_8.001,1
1648.3413_9.902,7055.758032916726,8539.671439826965,1.2103124001684076,0.0123,0.2753794772541495,1.9100948885606022,1648.3413,9.902,7599.1577,1648.3413_9.902,1648.3413_9.902,1
1649.3444_10.225,3842.1683983649086,2946.769222564049,0.7669547289541213,0.00752,-0.38278667262322463,2.123782159408358,1649.3444,10.225,3057.0552,1649.3444_10.225,1649.3444_10.225,1
1685.4637_11.522,10024.146670543232,7483.1714816801605,0.746514564044645,0.0262,-0.421757688151092,1.5816987086802545,1685.4637,11.522,9873.009,1685.4637_11.522,1685.4637_11.522,1
1689.4913_11.681,7510.7451144160195,5539.716866086292,0.7375722091079134,0.0286,-0.439143797224138,1.5436339668709569,1689.4913,11.681,6662.653,Cluster_1689.4913_11.681,1688.4878_11.681;1689.4913_11.681,2
205.1221_0.621,5485.8123194110685,3272.6731522988675,0.5965703822419879,5.09e-4,-0.7452357405016584,3.2932822176632413,205.1221,0.621,3984.055,205.1221_0.621,205.1221_0.621,1
286.1437_1.13,41419.70363494577,76942.09568077473,1.8576206232402577,0.00974,0.8934558941557422,2.0114410431213843,286.1437,1.13,60980.496,Cluster_286.1437_1.13,286.1437_1.13;308.1256_1.117,2
308.1855_0.633,751.293184498216,9981.921453839997,13.286319721517055,7.1e-8,3.7318696317956115,7.1487416512809245,308.1855,0.633,5495.2344,308.1855_0.633,308.1855_0.633,1
310.2012_0.633,25333.635781428577,31168.351563682605,1.2303149785760836,0.0224,0.2990277138213577,1.6497519816658373,310.2012,0.633,28287.213,310.2012_0.633,310.2012_0.633,1
312.1597_1.413,4451.546097685732,12683.874151859023,2.8493188374378757,1.34e-5,1.5106170675913708,4.872895201635193,312.1597,1.413,10710.363,Cluster_312.1597_1.413,312.1597_1.413;399.2641_1.416;413.2797_1.415,3
373.2483_1.147,11554.337832417235,20572.01636975035,1.7804582718736865,0.0109,0.8322486240377636,1.9625735020593764,373.2483,1.147,17659.41,373.2483_1.147,373.2483_1.147,1
383.1533_0.931,814.7398696651444,531.8159651117385,0.6527432680203967,0.0445,-0.6154124213131235,1.3516399890190685,383.1533,0.931,526.1514,383.1533_0.931,383.1533_0.931,1
398.3413_0.639,607.178615978702,919.440165363367,1.5142828504942245,0.0152,0.5986347092152318,1.8181564120552274,398.3413,0.639,1063.0312,398.3413_0.639,398.3413_0.639,1
424.3418_1.822,18020.634821686486,20821.21636935752,1.1554097053396113,0.0268,0.20840451835266338,1.5718652059712113,424.3418,1.822,20409.59,424.3418_1.822,424.3418_1.822,1
428.3732_2.759,29161.7122461301,24582.872214736308,0.8429845273573939,0.0109,-0.24642194356533625,1.9625735020593764,428.3732,2.759,25670.871,428.3732_2.759,428.3732_2.759,1
464.1914_0.656,4548.841258863651,8492.720906610954,1.8670075351744688,0.0113,0.9007277502405483,1.9469215565165803,464.1914,0.656,5211.399,464.1914_0.656,464.1914_0.656,1
502.2902_3.355,9206.907265030175,6882.426355178269,0.7475285844704022,0.0194,-0.4197993478371811,1.712198270069774,502.2902,3.355,8336.037,502.2902_3.355,502.2902_3.355,1
518.4564_5.944,18622.060819047885,22404.946318814462,1.2031400034896884,8.59e-4,0.26680453161455353,3.0660068361687576,518.4564,5.944,20958.312,Cluster_518.4564_5.944,518.4564_5.944;532.4721_5.945,2
522.3564_3.24,1246527.405091511,960303.3278762269,0.7703828443352421,0.0283,-0.37635251874136233,1.5482135644757098,522.3564,3.24,1107699.5,Cluster_522.3564_3.24,1043.703_3.238;1065.6846_3.239;522.3564_3.24;639.47_3.238,4
526.2644_1.714,12155.85156058946,50602.209229504675,4.162786044012114,1.12e-4,2.057549409745236,3.9507819773298185,526.2644,1.714,33940.074,Cluster_526.2644_1.714,463.2323_1.708;526.2644_1.714;531.2196_1.712,3
536.437_10.971,26643.554811376496,14351.139031780705,0.538634545329249,7.02e-8,-0.8926213348268955,7.153662887870195,536.437,10.971,28154.94,Cluster_536.437_10.971,536.437_10.971;537.4409_10.971,2
536.437_11.201,19268.91642028861,14766.548774337467,0.7663403822121251,0.00306,-0.3839427645445234,2.51427857351842,536.437,11.201,24362.299,Cluster_536.437_11.201,536.437_11.201;537.4408_11.2,2
538.3859_4.051,7988.447068428331,9901.709105208993,1.239503625722475,0.00369,0.30976249151675606,2.43297363384094,538.3859,4.051,9140.667,538.3859_4.051,538.3859_4.051,1
542.3237_2.234,20355.043518106133,15971.62070409765,0.7846517591520077,0.041,-0.34987558969285393,1.3872161432802645,542.3237,2.234,18910.764,542.3237_2.234,542.3237_2.234,1
544.3374_3.238,187481.89801050906,160285.4097923585,0.8549380579845308,0.00587,-0.22610819731659768,2.2313618987523856,544.3374,3.238,182072.72,Cluster_544.3374_3.238,544.3374_3.238;560.3108_3.237,2
552.4018_4.301,14255.109744161753,11492.754108123714,0.8062199670423881,0.0285,-0.3107545811149924,1.5451551399914898,552.4018,4.301,12426.859,552.4018_4.301,552.4018_4.301,1
568.4266_4.64,27830.40129110884,34902.48921926561,1.254113760494576,0.00425,0.3266682207535243,2.3716110699496884,568.4266,4.64,30159.934,568.4266_4.64,568.4266_4.64,1
577.5185_8.358,11455.91025292446,7555.7137003728585,0.6595472148050426,0.00103,-0.6004521539444112,2.9871627752948275,577.5185,8.358,9950.561,577.5185_8.358,577.5185_8.358,1
593.4757_4.54,6027.551489906127,4158.027391687162,0.6898368929158528,5.59e-5,-0.5356728077768245,4.252588192113577,593.4757,4.54,4907.9043,593.4757_4.54,593.4757_4.54,1
593.4762_4.644,8039.546765397756,5906.564679388962,0.734688764397869,0.00362,-0.4447948832443362,2.441291429466834,593.4762,4.644,6266.7153,593.4762_4.644,593.4762_4.644,1
593.4768_4.312,6249.098322915906,3630.6958958642285,0.580995162542122,0.00315,-0.7834019433152949,2.5016894462103996,593.4768,4.312,4877.44,593.4768_4.312,593.4768_4.312,1
595.4929_4.645,24971.446629367405,15738.943572263737,0.6302776048927066,5.77e-8,-0.6659406932757216,7.238824186844268,595.4929,4.645,19320.225,Cluster_595.4929_4.645,577.4817_4.655;595.4929_4.645,2
596.4154_4.906,5585.337345189098,12459.216679651681,2.2307008349967195,3.35e-5,1.1574970430275502,4.474955192963154,596.4154,4.906,9519.12,596.4154_4.906,596.4154_4.906,1
597.5086_5.242,5049.257704041166,4111.089855541504,0.8141968773451985,6.67e-4,-0.29655040650601916,3.175874166083451,597.5086,5.242,3913.0447,597.5086_5.242,597.5086_5.242,1
602.5849_10.522,5734.625590517451,4710.029825761401,0.8213317070864607,0.0448,-0.2839631012394227,1.348721986001856,602.5849,10.522,5207.945,602.5849_10.522,602.5849_10.522,1
603.2923_2.783,5690.6930575170745,4938.032109630685,0.8677382631115259,0.0474,-0.20466814836304204,1.324221658325915,603.2923,2.783,4864.1846,603.2923_2.783,603.2923_2.783,1
610.431_5.16,11773.111526218227,15755.90080145254,1.3382953832013575,0.0208,0.4203965770014013,1.6819366650372385,610.431,5.16,14802.413,610.431_5.16,610.431_5.16,1
617.4748_4.643,49312.46532543217,28546.619495765954,0.5788925641290836,0.00126,-0.7886324696092112,2.899629454882437,617.4748,4.643,35170.414,617.4748_4.643,617.4748_4.643,1
619.4903_4.953,30465.12179312573,19862.443884008353,0.6519732308600255,2.98e-6,-0.6171153643241318,5.525783735923745,619.4903,4.953,17660.412,Cluster_619.4903_4.953,317.2685_4.946;619.4903_4.953;620.4935_4.951;641.4722_4.95,4
622.6132_10.675,96886.75697001063,77072.28686531186,0.7954883544008813,0.003,-0.330087284596377,2.5228787452803374,622.6132,10.675,89598.445,Cluster_622.6132_10.675,604.6026_10.678;622.6132_10.675,2
634.5399_9.061,38013.91358222961,46272.32571648078,1.2172470907628867,0.0263,0.2836220525503787,1.5800442515102422,634.5399,9.061,32500.328,Cluster_634.5399_9.061,634.5399_9.061;639.4955_9.064,2
634.54_8.941,24822.383748668537,28673.984694455616,1.155166441095476,0.0362,0.20810073600774676,1.4412914294668342,634.54,8.941,23433.549,634.54_8.941,634.54_8.941,1
650.6449_10.83,273839.7468152559,213833.77896736347,0.7808719568807699,0.00314,-0.3568420923812882,2.503070351926785,650.6449,10.83,240339.16,Cluster_650.6449_10.83,1300.2808_10.831;1301.284_10.831;632.6339_10.83;650.6449_10.83;737.7496_10.83;751.765_10.833,6
652.6596_10.839,34427.194882862765,28904.321839407145,0.839578186307453,0.00562,-0.2522634114813144,2.250263684430939,652.6596,10.839,32171.18,652.6596_10.839,652.6596_10.839,1
661.5282_5.288,14062.02688744757,16416.489522000284,1.1674340870912727,0.0371,0.22334109819109366,1.4306260903849541,661.5282,5.288,16697.91,661.5282_5.288,661.5282_5.288,1
664.5997_4.075,1071.2431126139409,1529.2205507719866,1.4275196104090087,0.0348,0.5135105646042284,1.458420756053419,664.5997,4.075,1035.8855,664.5997_4.075,664.5997_4.075,1
682.5516_8.574,3647.5590097447302,5264.005600493088,1.443158448274558,0.0461,0.5292297059209933,1.3362990746103518,682.5516,8.574,5172.041,682.5516_8.574,682.5516_8.574,1
691.5742_6.403,4634.505281025804,5828.665212583116,1.257667185415958,0.00865,0.33075019449461807,2.0629838925351858,691.5742,6.403,5595.564,691.5742_6.403,691.5742_6.403,1
692.6335_11.899,57307.12080078623,72532.95316545478,1.265688315028028,0.0135,0.339922174335252,1.869666231504994,692.6335,11.899,57514.188,692.6335_11.899,692.6335_11.899,1
693.6368_11.899,30532.90059804001,36034.72816539073,1.1801934129934544,0.027,0.239023311367372,1.5686362358410126,693.6368,11.899,30668.17,693.6368_11.899,693.6368_11.899,1
717.5903_6.828,48180.422312743634,59018.401083522986,1.2249456989071,0.00809,0.2927177968573998,2.0920514783877278,717.5903,6.828,54318.625,Cluster_717.5903_6.828,717.5903_6.828;718.5932_6.828,2
717.5903_7.018,43930.020369080405,53472.2816104139,1.2172150424963084,7.14e-4,0.28358406808174996,3.1463017882238256,717.5903,7.018,50538.844,717.5903_7.018,717.5903_7.018,1
718.5934_7.015,21474.266127327406,25566.731220783626,1.1905753178800504,0.00169,0.25165889091058424,2.7721132953863266,718.5934,7.015,24324.54,718.5934_7.015,718.5934_7.015,1
719.6006_7.392,5180.583874665689,6720.682508039721,1.2972828296257277,1.46e-4,0.37549304583151233,3.835647144215563,719.6006,7.392,6743.7446,719.6006_7.392,719.6006_7.392,1
724.5272_7.284,2906.415488095767,2360.3994798898093,0.8121342215377134,0.0255,-0.30020991335814085,1.5934598195660448,724.5272,7.284,2807.15,724.5272_7.284,724.5272_7.284,1
727.5745_6.067,23562.668978010024,30271.9335820873,1.2847412833554097,0.00125,0.361477863855398,2.9030899869919438,727.5745,6.067,27238.762,727.5745_6.067,727.5745_6.067,1
731.6047_7.112,6542.933498998263,8366.518791166329,1.2787106566874418,0.0318,0.35468985187667496,1.4975728800155672,731.6047,7.112,7610.8833,731.6047_7.112,731.6047_7.112,1
732.5542_6.723,463969.41211443517,320414.8997637457,0.690594878450128,0.0479,-0.5340884598880701,1.3196644865854368,732.5542,6.723,400959.62,Cluster_732.5542_6.723,1464.0995_6.726;1465.1023_6.726;732.5542_6.723,3
732.589_8.53,4168.6215096907135,4983.846228894916,1.1955621822007743,0.0186,0.2576891677908231,1.7304870557820837,732.589,8.53,4276.241,732.589_8.53,732.589_8.53,1
733.6215_7.929,36322.5847124496,47871.83436697874,1.317963320781261,0.0214,0.3983102203737974,1.6695862266508092,733.6215,7.929,43130.113,Cluster_733.6215_7.929,733.6215_7.929;734.6246_7.927,2
738.5064_6.603,4356.6335193572295,3176.206366200329,0.7290506194950593,0.0235,-0.45590910755164393,1.6289321377282637,738.5064,6.603,4061.1233,738.5064_6.603,738.5064_6.603,1
743.6054_7.227,13820.8417768124,18039.937993625368,1.3052705678095136,7.42e-4,0.3843488921414999,3.129596094720973,743.6054,7.227,15353.877,743.6054_7.227,743.6054_7.227,1
745.6202_7.852,13864.464304607254,19330.800065043743,1.3942695253375197,0.00593,0.47950947460800775,2.2269453066357374,745.6202,7.852,17703.682,745.6202_7.852,745.6202_7.852,1
745.6214_8.115,39525.292824347,46980.72249311441,1.1886242741299813,1.15e-4,0.2492927491348529,3.939302159646388,745.6214,8.115,45071.83,745.6214_8.115,745.6214_8.115,1
746.5685_9.239,20797.924863375494,15278.904198461878,0.734635993678752,0.0208,-0.4448985118729134,1.6819366650372385,746.5685,9.239,18370.186,746.5685_9.239,746.5685_9.239,1
749.5557_6.066,6632.102565030442,8568.76758577582,1.2920137319583942,2.93e-4,0.36962140356356965,3.5331323796458904,749.5557,6.066,7623.0034,749.5557_6.066,749.5557_6.066,1
750.6771_10.977,6468.187918549961,5393.3457599441135,0.8338263865953348,0.0459,-0.26218106765842963,1.3381873144627388,750.6771,10.977,5983.459,Cluster_750.6771_10.977,750.6771_10.977;764.6932_10.985,2
751.5717_6.812,42077.2500597716,51905.966393717434,1.2335874212308062,0.0162,0.3028599594216328,1.790484985457369,751.5717,6.812,44173.656,Cluster_751.5717_6.812,751.5717_6.812;752.5739_6.808,2
755.6054_6.838,22915.313458749028,30688.01087496675,1.339192279879118,4.11e-4,0.42136311623550105,3.3861581781239307,755.6054,6.838,25975.457,755.6054_6.838,755.6054_6.838,1
760.9763_7.718,6184.383324447989,5336.636832676582,0.8629214187904376,0.0057,-0.21269890730595872,2.2441251443275085,760.9763,7.718,5874.9985,760.9763_7.718,760.9763_7.718,1
761.0763_7.717,4956.059488565767,4260.301695763409,0.8596147212503086,0.0135,-0.21823790517313424,1.869666231504994,761.0763,7.717,4806.392,761.0763_7.717,761.0763_7.717,1
761.1927_7.717,6024.864471089754,4718.106461251154,0.7831058248514859,0.00536,-0.35272081588667886,2.27083521030723,761.1927,7.717,5768.6094,761.1927_7.717,761.1927_7.717,1
761.2595_7.716,6617.7208776884045,4825.268650365448,0.7291435736786367,3.88e-4,-0.4557251752050657,3.4111682744057927,761.2595,7.716,6302.5713,761.2595_7.716,761.2595_7.716,1
761.302_7.716,6670.154058599041,5030.082365741276,0.7541178691752383,3.19e-4,-0.40713805947766096,3.496209316942819,761.302,7.716,6408.743,761.302_7.716,761.302_7.716,1
761.3174_7.717,6738.2476225222235,4997.151214488657,0.7416099102362984,4.79e-4,-0.4312675718607688,3.319664486585437,761.3174,7.717,6379.1562,761.3174_7.717,761.3174_7.717,1
761.329_7.717,7165.4313104084595,5049.1906732067555,0.7046596993920426,9.92e-5,-0.5050013884786694,4.0034883278458215,761.329,7.717,6771.139,761.329_7.717,761.329_7.717,1
761.3681_7.718,7323.546438722461,5208.098847526457,0.7111443739865151,5.23e-4,-0.49178561452221803,3.281498311132726,761.3681,7.718,7333.393,761.3681_7.718,761.3681_7.718,1
761.3781_7.717,7471.270004145914,5526.710268710545,0.7397283548370887,7.29e-4,-0.4349325174946048,3.1372724716820253,761.3781,7.717,7112.785,761.3781_7.717,761.3781_7.717,1
761.4062_7.717,7739.862966912927,5799.211077791119,0.7492653426271391,5.87e-5,-0.4164513739323485,4.231361898752385,761.4062,7.717,7782.964,761.4062_7.717,761.4062_7.717,1
761.4141_7.718,7925.941013330327,5798.845321693691,0.7316286245306195,2.12e-4,-0.45081657411933296,3.6736641390712483,761.4141,7.718,7833.683,761.4141_7.718,761.4141_7.718,1
761.4437_7.717,9125.393511874352,6477.133557884585,0.7097922461597148,5.92e-5,-0.494531280544898,4.22767829327708,761.4437,7.717,8597.946,761.4437_7.717,761.4437_7.717,1
761.4545_7.719,8626.220827819066,6428.86446047476,0.7452701001743476,3.2e-4,-0.42416471419684865,3.494850021680094,761.4545,7.719,8453.398,761.4545_7.719,761.4545_7.719,1
761.5191_7.716,14656.586256971646,11475.593098488273,0.7829649344866864,0.0024,-0.3529803978116229,2.619788758288394,761.5191,7.716,14293.361,761.5191_7.716,761.5191_7.716,1
762.5032_7.719,6536.200276919147,5401.266449432241,0.8263618341845149,0.00859,-0.27515447052978287,2.0660068361687576,762.5032,7.719,6223.787,762.5032_7.719,762.5032_7.719,1
762.5251_7.716,6012.656911277493,4992.5877545399435,0.8303463557309778,0.00857,-0.2682148530470479,2.067019178076802,762.5251,7.716,6219.3857,762.5251_7.716,762.5251_7.716,1
762.541_6.576,2143.1707015786305,1522.3423298938367,0.7103224809729342,0.00577,-0.49345394903573114,2.2388241868442686,762.541,6.576,1622.12,762.541_6.576,762.541_6.576,1
766.5356_8.411,17468.082517024915,14465.508904594579,0.8281108639426257,0.0289,-0.272104172387969,1.5391021572434522,766.5356,8.411,17759.93,766.5356_8.411,766.5356_8.411,1
766.5755_7.417,614237.6370981246,730761.9685206476,1.189705619429355,0.0095,0.25060463745835093,2.0222763947111524,766.5755,7.417,659254.25,Cluster_766.5755_7.417,1532.1401_7.417;1533.1433_7.416;1554.1324_7.421;766.5755_7.417,4
768.551_7.206,17370.507201708264,14400.096999043333,0.828996921726453,0.0317,-0.27056135024501704,1.4989407377822486,768.551,7.206,16749.52,768.551_7.206,768.551_7.206,1
768.5536_6.434,68256.60795613172,78744.52586465927,1.1536542500803453,0.0325,0.20621091338210953,1.4881166390211256,768.5536,6.434,78950.15,768.5536_6.434,768.5536_6.434,1
771.6366_8.357,31094.744455972937,38005.06802038356,1.2222344542562473,0.00503,0.28952105565486674,2.2984320149440727,771.6366,8.357,32690.621,771.6366_8.357,771.6366_8.357,1
773.6516_9.025,6525.67772711423,8271.241436724216,1.2674915591306568,0.00763,0.34197613962239054,2.1174754620451197,773.6516,9.025,7623.451,773.6516_9.025,773.6516_9.025,1
775.6661_9.814,4043.760221738205,5487.450979176492,1.3570169046318277,0.00565,0.44043869281026793,2.2479515521805613,775.6661,9.814,5144.27,775.6661_9.814,775.6661_9.814,1
780.5549_6.325,844402.5570429188,621105.0965569145,0.7355556794285565,0.0424,-0.44309354144931457,1.3726341434072673,780.5549,6.325,724006,Cluster_780.5549_6.325,1192.8093_6.322;1560.0983_6.326;1561.1021_6.326;1572.0922_6.339;1582.0806_6.324;1583.0843_6.325;780.5549_6.325,7
780.5921_7.79,26519.31982029749,32305.762723787517,1.2181972593075774,0.0082,0.2847477637717782,2.0861861476162833,780.5921,7.79,30276.889,780.5921_7.79,780.5921_7.79,1
781.62_7.043,9158.543693871887,12202.286736064392,1.3323391953929442,0.00198,0.4139614196572124,2.703334809738469,781.62,7.043,10263.284,781.62_7.043,781.62_7.043,1
783.6368_7.847,67471.79317421695,91877.53765843384,1.3617177391624902,4.6e-4,0.44542768828971174,3.337242168318426,783.6368,7.847,78367.53,783.6368_7.847,783.6368_7.847,1
784.6654_10.38,59136.48794734484,48761.088809744084,0.8245516516496716,0.00248,-0.27831822494224606,2.6055483191737836,784.6654,10.38,53559.82,784.6654_10.38,784.6654_10.38,1
785.6536_8.747,258967.16627015537,305087.3566002674,1.1780928099664931,0.00972,0.2364531989341584,2.0123337350737254,785.6536,8.747,285686.94,Cluster_785.6536_8.747,785.6536_8.747;786.6565_8.746;787.6592_8.744;807.6347_8.75,4
785.6542_8.953,815332.6997829935,687862.0491409609,0.8436581156674327,0.0085,-0.24526961580915527,2.070581074285707,785.6542,8.953,693477.56,Cluster_785.6542_8.953,1570.2972_8.954;1571.3005_8.952;785.6542_8.953,3
787.6674_9.202,13965.59028483486,19225.125003137557,1.3766066890859594,0.0129,0.46111642529894314,1.889410289700751,787.6674,9.202,16802.523,787.6674_9.202,787.6674_9.202,1
787.6701_9.896,1220041.5949241638,975960.7262992355,0.7999405351092967,0.00379,-0.32203533600174317,2.421360790031928,787.6701,9.896,1030476.8,Cluster_787.6701_9.896,1574.3292_9.897;1575.3325_9.895;787.6701_9.896,3
788.6177_8.867,1389625.8676810476,1031306.2871309713,0.7421467253282887,0.0273,-0.4302236533551101,1.563837352959244,788.6177,8.867,1244636.2,Cluster_788.6177_8.867,1576.2251_8.873;1577.2283_8.872;1598.2061_8.871;1599.2099_8.871;1600.2146_8.869;788.6177_8.867,6
791.5433_6.743,4004.312918024547,3320.546426869493,0.8292424929936851,0.0239,-0.27013404831398635,1.6216020990518623,791.5433,6.743,4160.7954,791.5433_6.743,791.5433_6.743,1
792.5531_6.261,21452.224752589715,26010.68639962751,1.2124936550689223,0.0228,0.27797719775374363,1.6420651529995463,792.5531,6.261,25182.852,792.5531_6.261,792.5531_6.261,1
792.5893_7.058,20663.493695845693,14463.99160376185,0.6999780296915509,0.0483,-0.5146184541904321,1.3160528692484879,792.5893,7.058,16901.496,792.5893_7.058,792.5893_7.058,1
796.5845_7.27,70270.12006605465,86186.92937590445,1.2265089243463343,0.00561,0.29455773129735635,2.2510371387438384,796.5845,7.27,81389.375,Cluster_796.5845_7.27,796.5845_7.27;797.5882_7.268,2
796.5848_7.423,133267.07836013637,155772.13259091738,1.1688718212157705,0.0169,0.22511673223455592,1.7721132953863266,796.5848,7.423,151131.45,796.5848_7.423,796.5848_7.423,1
797.6383_8.603,8135.912324488189,10914.882452770695,1.3415683475248517,9.79e-4,0.42392055599490264,3.0092173081968623,797.6383,8.603,9802.671,797.6383_8.603,797.6383_8.603,1
797.6421_8.39,37693.6824948575,46434.4993143688,1.2318907636764806,0.0188,0.3008743325837289,1.7258421507363202,797.6421,8.39,39925.5,797.6421_8.39,797.6421_8.39,1
798.6518_8.391,17638.895866305207,24238.49694333446,1.3741504642383073,4.82e-4,0.45853998241337474,3.3169529617611504,798.6518,8.391,21256.436,798.6518_8.391,798.6518_8.391,1
799.6686_9.32,121158.63258484552,144380.94109916524,1.1916686249991928,0.0129,0.25298311202942536,1.889410289700751,799.6686,9.32,131153.12,Cluster_799.6686_9.32,799.6686_9.32;821.6501_9.321,2
800.5726_6.827,5138.719884749731,4241.930855143725,0.8254839629870812,0.00673,-0.2766879073003112,2.171984935776023,800.5726,6.827,4914.747,800.5726_6.827,800.5726_6.827,1
802.5357_6.323,150121.47100640342,120455.56154596734,0.8023872983554053,0.0446,-0.31762932635589364,1.350665141287858,802.5357,6.323,133632.47,Cluster_802.5357_6.323,802.5357_6.323;897.6684_6.323;911.6839_6.326,3
802.5717_7.81,3349.5780499856946,4305.241876479184,1.2853087201528475,0.00616,0.36211492404167145,2.2104192878355744,802.5717,7.81,3985.765,802.5717_7.81,802.5717_7.81,1
803.037_6.321,7482.132536505885,5225.002753700158,0.6983306869006902,0.0357,-0.5180177241031899,1.4473317838878068,803.037,6.321,6580.9307,803.037_6.321,803.037_6.321,1
805.0108_3.238,4220.618948789474,3013.290121817132,0.7139450773402277,0.00464,-0.4861150006001897,2.3334820194451193,805.0108,3.238,3705.409,805.0108_3.238,805.0108_3.238,1
805.6187_7.848,14380.847159456582,17904.285369647772,1.2450090854261142,0.0018,0.31615627036674854,2.744727494896694,805.6187,7.848,15574.151,805.6187_7.848,805.6187_7.848,1
805.6784_9.291,5819.090231412665,4763.0405751029,0.8185198004648582,0.024,-0.28891077814280103,1.6197887582883939,805.6784,9.291,5062.0806,805.6784_9.291,805.6784_9.291,1
807.6349_8.948,96990.45203471402,82546.40315108278,0.8510776207284656,0.00813,-0.2326373790357196,2.089909454405932,807.6349,8.948,86888.555,807.6349_8.948,807.6349_8.948,1
807.6359_7.483,10332.93386364931,13309.287606203834,1.2880453685109872,0.00951,0.36518341004653915,2.021819483062586,807.6359,7.483,11709.819,807.6359_7.483,807.6359_7.483,1
808.6375_8.751,24984.837248721058,28946.30719417673,1.1585549629969454,0.0105,0.21232648871044538,1.978810700930062,808.6375,8.751,28308.494,808.6375_8.751,808.6375_8.751,1
809.6507_9.876,131745.66772615397,112883.97634139493,0.856832549333122,0.00415,-0.2229148086956291,2.381951903287907,809.6507,9.876,123345.61,Cluster_809.6507_9.876,809.6507_9.876;811.657_9.886,2
809.6525_8.065,67091.44028107084,86422.37456222659,1.28812817551943,0.00138,0.3652761563296841,2.8601209135987635,809.6525,8.065,68933.03,809.6525_8.065,809.6525_8.065,1
810.6564_8.03,43489.71270701866,52670.861164115086,1.2111108095596756,0.00184,0.2763308692342854,2.7351821769904636,810.6564,8.03,43775.035,810.6564_8.03,810.6564_8.03,1
811.2977_7.959,4031.3916777007494,5221.257919042047,1.295150244994285,0.00174,0.37311946867252965,2.7594507517174,811.2977,7.959,4950.187,811.2977_7.959,811.2977_7.959,1
811.3445_7.959,4445.374701610933,5558.491563728085,1.250398883521287,0.0198,0.32238839527121493,1.7033348097384688,811.3445,7.959,5219.143,811.3445_7.959,811.3445_7.959,1
811.4149_7.961,5608.542734512806,6684.288784909642,1.1918049128478794,0.00183,0.2531480996414342,2.7375489102695707,811.4149,7.961,6383.3955,811.4149_7.961,811.4149_7.961,1
811.6292_7.819,15840.951328523919,18417.58076557547,1.1626562309052713,0.0242,0.2174245901200757,1.6161846340195687,811.6292,7.819,17792.541,811.6292_7.819,811.6292_7.819,1
811.6703_8.961,1172893.8173981912,1376371.1635342871,1.1734831773497332,0.0169,0.23079716003059614,1.7721132953863266,811.6703,8.961,1178470.8,Cluster_811.6703_8.961,1622.3273_8.96;1623.3314_8.96;811.6703_8.961,3
812.615_8.136,100826.6619641161,86409.57197822438,0.857011134703411,0.0437,-0.22261414623565864,1.359518563029578,812.615,8.136,102265.76,Cluster_812.615_8.136,812.615_8.136;813.6188_8.138,2
813.6834_9.437,11262.071525495794,16708.241234429093,1.4835850754991133,0.00157,0.5690876598693615,2.8041003475907664,813.6834,9.437,14757.252,Cluster_813.6834_9.437,813.6834_9.437;835.6652_9.434,2
813.6854_10.226,677817.2740666289,569451.7703961722,0.8401257863785212,0.0137,-0.25132274580717695,1.8632794328435933,813.6854,10.226,571533.44,Cluster_813.6854_10.226,1626.3599_10.225;1627.3632_10.227;813.6854_10.226,3
814.535_6.26,5531.041319432871,7143.608148943017,1.2915485053139129,0.00115,0.36910182623699767,2.939302159646388,814.535,6.26,7060.9873,814.535_6.26,814.535_6.26,1
815.7025_10.568,2334210.926237734,1996403.0654307858,0.8552796334685038,0.00533,-0.22553190896940967,2.2732727909734276,815.7025,10.568,2087752,Cluster_815.7025_10.568,1630.3921_10.568;1631.3955_10.568;815.7025_10.568;932.8152_10.571,4
817.7051_10.344,12673.114032079631,15954.842842155798,1.2589520461797377,0.0302,0.3322233314633934,1.5199930570428493,817.7051,10.344,14480.891,817.7051_10.344,817.7051_10.344,1
818.6049_7.793,8229.324946531271,10385.012192180351,1.2619518927318236,7.96e-4,0.3356569139336948,3.099086932262331,818.6049,7.793,9476.864,818.6049_7.793,818.6049_7.793,1
819.6577_6.728,4263.583505213136,3218.0504974296396,0.7547759985221093,0.0457,-0.40587954815949456,1.3400837999301498,819.6577,6.728,3899.2761,819.6577_6.728,819.6577_6.728,1
820.5846_7.213,41254.33433412776,48738.00462032389,1.181403249064311,0.0253,0.24050148474087796,1.596879478824182,820.5846,7.213,44624.344,820.5846_7.213,820.5846_7.213,1
820.6202_7.907,28051.05872886796,33480.11747249535,1.1935420262066696,4.22e-5,0.2552493665306974,4.374687549038326,820.6202,7.907,31462.61,820.6202_7.907,820.6202_7.907,1
824.616_8.544,16342.076907707447,20264.0503586381,1.239992350610033,5.65e-4,0.3103312207968196,3.2479515521805613,824.616,8.544,18082.86,824.616_8.544,824.616_8.544,1
824.6527_9.167,5220.967269043423,6018.840728190087,1.1528210038544926,0.00664,0.2051685260873634,2.1778319206319825,824.6527,9.167,5112.047,824.6527_9.167,824.6527_9.167,1
825.6778_9.575,9767.723687758184,12561.134905896763,1.2859838491991271,4.76e-4,0.3628725238271022,3.322393047279507,825.6778,9.575,10417.339,825.6778_9.575,825.6778_9.575,1
825.6815_9.335,7142.4894588653215,11243.806369344467,1.574213925564644,4.56e-6,0.6546316071604613,5.341035157335565,825.6815,9.335,9390.847,825.6815_9.335,825.6815_9.335,1
825.682_9.561,10706.597420788281,13152.936886616235,1.228488974571703,0.00453,0.29688490987581595,2.343901797987168,825.682,9.561,11669.591,Cluster_825.682_9.561,825.6817_9.564;825.682_9.561,2
826.5348_5.993,4727.03808188505,5841.018468440759,1.2356613945685573,0.00527,0.30528345901695636,2.2781893847874533,826.5348,5.993,5394.757,826.5348_5.993,826.5348_5.993,1
827.6071_6.849,6630.608464926048,7764.5647748515175,1.1710184390955614,0.0192,0.2277637929888151,1.7166987712964503,827.6071,6.849,7419.633,827.6071_6.849,827.6071_6.849,1
827.6998_10.277,69150.58631378064,99806.91474813268,1.4433270933560067,0.00109,0.5293982869995707,2.962573502059376,827.6998,10.277,87634.2,Cluster_827.6998_10.277,827.6998_10.277;849.6809_10.279;850.6799_10.276,3
827.6999_10.502,48406.58665808897,61430.47445407918,1.2690519760870984,2.88e-4,0.3437511583102255,3.540607512240769,827.6999,10.502,53090.023,827.6999_10.502,827.6999_10.502,1
828.702_10.497,27256.335860427724,33097.19621719938,1.2142936742004176,0.00818,0.2801173763507123,2.087246696328677,828.702,10.497,30367.592,828.702_10.497,828.702_10.497,1
829.7155_10.657,82922.38836389803,96452.48745187087,1.1631658151064959,0.00481,0.21805677486786976,2.317854923626168,829.7155,10.657,93020.5,829.7155_10.657,829.7155_10.657,1
831.57_7.208,22415.332680718784,25786.03881938856,1.1503750217175759,0.0381,0.20210425575475746,1.4190750243243806,831.57,7.208,23580.523,831.57_7.208,831.57_7.208,1
831.6353_8.196,7994.55646769372,10675.961906490513,1.335403902597029,2.6e-4,0.4172761614953596,3.5850266520291822,831.6353,8.196,9397.948,831.6353_8.196,831.6353_8.196,1
832.582_7.631,33212.71434980081,38941.50870214479,1.1724879903523555,0.0423,0.2295731454717098,1.3736596326249577,832.582,7.631,37396.28,832.582_7.631,832.582_7.631,1
834.6002_7.257,44266.52448198587,55072.32422887081,1.2441077060676478,6.57e-5,0.3151113892332418,4.182434630440219,834.6002,7.257,52340.47,834.6002_7.257,834.6002_7.257,1
834.602_7.751,744116.6647619547,888488.2841377108,1.1940174521181313,0.00978,0.25582392362137363,2.0096611452123985,834.602,7.751,773554.4,Cluster_834.602_7.751,1668.1927_7.752;1669.196_7.752;834.602_7.751,3
835.655_7.749,11628.722919267586,15346.579451153333,1.319713227127086,0.0108,0.40022446689468316,1.9665762445130504,835.655,7.749,14185.104,835.655_7.749,835.655_7.749,1
837.6789_10.324,15120.753429508091,18467.495008004582,1.2213343134056625,0.0115,0.28845816041969546,1.9393021596463884,837.6789,10.324,18255.13,837.6789_10.324,837.6789_10.324,1
837.6831_9.217,5249.932649354733,6288.150389481573,1.1977582970049048,0.0122,0.2603368072138804,1.9136401693252518,837.6831,9.217,5195.587,837.6831_9.217,837.6831_9.217,1
838.6301_9.147,16335.308764886862,13645.84746948686,0.8353590168322338,0.0142,-0.2595317290539473,1.8477116556169435,838.6301,9.147,14905.121,838.6301_9.147,838.6301_9.147,1
846.6352_8.854,5818.011602256967,6702.522228094879,1.1520297115761655,0.00425,0.20417792527921125,2.3716110699496884,846.6352,8.854,5932.347,846.6352_8.854,846.6352_8.854,1
848.6521_9.028,18628.876487240144,23663.767130529897,1.270273445998657,9.12e-5,0.34513909284164734,4.0400051616715835,848.6521,9.028,19696.299,848.6521_9.028,848.6521_9.028,1
849.6682_6.746,8021.758633746153,6015.978890990681,0.7499576047679243,0.024,-0.415119052771949,1.6197887582883939,849.6682,6.746,7338.198,849.6682_6.746,849.6682_6.746,1
854.574_8.362,8718.035324554534,6479.069004378795,0.7431799440099031,0.0314,-0.4282165262505902,1.5030703519267852,854.574,8.362,8121.072,854.574_8.362,854.574_8.362,1
855.6216_6.322,5899.600286204401,4654.822101641519,0.789006352265311,0.0285,-0.3418911795095012,1.5451551399914898,855.6216,6.322,5185.558,855.6216_6.322,855.6216_6.322,1
856.5819_7.24,5832.108091766291,7017.026580362564,1.2031715582002207,0.0012,0.2668423686304487,2.9208187539523753,856.5819,7.24,7083.0405,856.5819_7.24,856.5819_7.24,1
856.5823_7.778,42799.57907239436,51493.102122247496,1.2031216950790165,0.00681,0.2667825776821951,2.166852888087215,856.5823,7.778,49223.824,856.5823_7.778,856.5823_7.778,1
858.5914_7.792,9458.812270632225,11118.113472091178,1.1754238432885238,0.00376,0.23318106857901158,2.424812155072339,858.5914,7.792,10243.691,858.5914_7.792,858.5914_7.792,1
858.5977_8.453,17801.69018200712,21116.70930509288,1.1862193471065114,0.0103,0.2463708072895488,1.9871627752948278,858.5977,8.453,19931.41,858.5977_8.453,858.5977_8.453,1
858.5992_7.06,4565.647378187926,5608.835715898498,1.2284864010072996,0.0181,0.29688188756746153,1.7423214251308154,858.5992,7.06,5289.842,858.5992_7.06,858.5992_7.06,1
859.53_8.35,6763.379695477601,4645.476535736963,0.6868572732717055,0.00157,-0.5419177520819303,2.8041003475907664,859.53,8.35,5828.098,859.53_8.35,859.53_8.35,1
860.4936_6.313,7882.781648131386,6371.7480053501895,0.8083121275927532,0.00342,-0.30701560144374895,2.465973893943865,860.4936,6.313,7276.835,860.4936_6.313,860.4936_6.313,1
863.6839_6.733,5067.6247336236,4146.095012457511,0.818153519724585,0.0295,-0.2895565165560429,1.530177984021837,863.6839,6.733,4873.977,863.6839_6.733,863.6839_6.733,1
863.7092_11.343,4995.516539730375,6135.815939158063,1.2282645629052873,0.0262,0.2966213444882286,1.5816987086802545,863.7092,11.343,6084.7617,863.7092_11.343,863.7092_11.343,1
868.7389_11.19,118092.7962353179,147577.54132523073,1.2496743749818573,0.0458,0.32155222384893994,1.3391345219961308,868.7389,11.19,131273.33,Cluster_868.7389_11.19,868.7389_11.19;873.6937_11.187;873.694_11.187,3
870.5225_6.318,11346.171500485301,9474.960780043972,0.8350799897250545,0.0077,-0.2600136993934388,2.113509274827518,870.5225,6.318,10669.712,870.5225_6.318,870.5225_6.318,1
870.6336_9.039,5054.487152768126,6236.0867306233695,1.2337723971082075,0.00113,0.3030762746745014,2.9469215565165805,870.6336,9.039,5209,870.6336_9.039,870.6336_9.039,1
870.7558_11.296,669917.8198563262,824875.269821175,1.231308147614407,0.0303,0.30019185638148815,1.518557371497695,870.7558,11.296,731518.7,Cluster_870.7558_11.296,870.7558_11.296;940.8331_11.297;954.8481_11.299,3
872.652_8.777,5137.120250456722,5999.541162645693,1.167880226691656,0.0042,0.22389232454469285,2.3767507096020997,872.652,8.777,5434.04,872.652_8.777,872.652_8.777,1
876.6835_10.245,36927.05639844885,43024.29522269457,1.1651157557335614,5.38e-4,0.22047329558912326,3.2692177243336107,876.6835,10.245,35273.113,876.6835_10.245,876.6835_10.245,1
880.718_11.248,47499.82729518807,58391.86550046909,1.2293069012144477,0.00243,0.2978451350649669,2.614393726401688,880.718,11.248,52859.715,880.718_11.248,880.718_11.248,1
884.7697_11.358,33694.605834524125,41986.47070319576,1.2460887926510669,0.0339,0.31740687426336867,1.469800301796918,884.7697,11.358,39146.53,884.7697_11.358,884.7697_11.358,1
889.7358_8.865,10166.993135624678,8206.398266832106,0.8071607954644193,0.0137,-0.3090719917545767,1.8632794328435933,889.7358,8.865,9070.728,889.7358_8.865,889.7358_8.865,1
891.7406_11.489,6518.920465433573,8512.882337198345,1.3058730172177602,0.0141,0.38501461638130824,1.85078088734462,891.7406,11.489,8414.058,891.7406_11.489,891.7406_11.489,1
894.7548_11.21,185121.36824205916,264342.1288457105,1.4279395801572978,0.0105,0.5139349364737692,1.978810700930062,894.7548,11.21,210902.73,Cluster_894.7548_11.21,894.7548_11.21;895.7581_11.209;964.8324_11.205;965.8354_11.205;978.8481_11.206;979.8509_11.21,6
896.7714_11.316,525763.8920877996,681498.2171946033,1.2962058206172837,0.0178,0.37429481761127464,1.749579997691106,896.7714,11.316,626019.6,Cluster_896.7714_11.316,896.7712_11.316;896.7714_11.316;897.7743_11.318;966.8486_11.316;967.8518_11.315;980.8635_11.316;980.8638_11.316,7
898.7872_11.44,820902.8670829902,992876.9006349697,1.2094937664952674,0.0415,0.27440333395649913,1.3819519032879073,898.7872,11.44,941176,Cluster_898.7872_11.44,898.7872_11.44;968.8643_11.442;982.8793_11.44,3
899.7091_11.203,17325.026284330645,25365.069296613823,1.4640710426832007,0.00338,0.5499855607531152,2.4710832997223453,899.7091,11.203,22080.428,899.7091_11.203,899.7091_11.203,1
901.7251_11.318,30300.230692579516,38802.82918710972,1.2806116752309902,0.0151,0.3568330680676147,1.8210230527068305,901.7251,11.318,38220.047,901.7251_11.318,901.7251_11.318,1
902.5743_7.805,5331.607242547273,6881.872404585594,1.2907688228920728,0.00286,0.3682306366389171,2.543633966870957,902.5743,7.805,6110.148,902.5743_7.805,902.5743_7.805,1
904.7835_9.894,9765.233315229521,8372.833296513869,0.8574125191106173,2.27e-4,-0.22193861273720408,3.6439741428068775,904.7835,9.894,9057.991,904.7835_9.894,904.7835_9.894,1
912.8727_11.58,5425.759812322955,4387.485752690449,0.8086398779993201,0.0196,-0.3064307431535289,1.7077439286435239,912.8727,11.58,5213.16,912.8727_11.58,912.8727_11.58,1
916.7378_11.078,11008.344630573936,13760.959890817963,1.2500480637750997,0.0276,0.3219835669168773,1.5590909179347823,916.7378,11.078,11737.928,Cluster_916.7378_11.078,916.7378_11.078;986.8154_11.075,2
918.754_11.178,56006.808234265576,69733.80235970736,1.245095097510725,0.00976,0.31625593624323994,2.0105501823333083,918.754,11.178,60268.97,Cluster_918.754_11.178,918.754_11.178;988.8322_11.176,2
918.7987_9.897,5439.283767959389,4675.593977365773,0.85959736186367,0.0485,-0.21826703979970327,1.3142582613977363,918.7987,9.897,5306.6816,918.7987_9.897,918.7987_9.897,1
920.7705_11.302,159224.3092111155,187284.4483799828,1.176230245920944,0.00308,0.2341704939623537,2.5114492834995557,920.7705,11.302,182025.34,Cluster_920.7705_11.302,1004.8642_11.302;920.7705_11.302;990.8484_11.304,3
923.7092_11.174,6628.902355908965,7800.80917469251,1.1767874613115872,0.00934,0.2348537798495309,2.0296531237699065,923.7092,11.174,7309.018,923.7092_11.174,923.7092_11.174,1
930.7988_10.228,6749.651069531005,5641.331775794519,0.8357960608157041,0.0402,-0.25877713576645295,1.39577394691553,930.7988,10.228,5501.1685,930.7988_10.228,930.7988_10.228,1
938.8159_11.193,35914.2356264394,45813.127036320046,1.2756258413194035,0.0329,0.35120522876563265,1.4828041020500258,938.8159,11.193,40146.93,938.8159_11.193,938.8159_11.193,1
942.7986_8.961,5107.118972945792,5973.827966713944,1.169706051172768,0.0465,0.22614602399959197,1.332547047110046,942.7986,8.961,5118.457,942.7986_8.961,942.7986_8.961,1
944.7698_11.221,58648.351208066,69142.99137407473,1.1789417767053165,0.0459,0.2374924710465589,1.3381873144627388,944.7698,11.221,59472.793,Cluster_944.7698_11.221,1014.8477_11.222;1028.8632_11.223;944.7698_11.221,3
950.8156_11.512,35002.68364633827,41223.612941194566,1.17772720965374,0.0289,0.2360054145041102,1.5391021572434522,950.8156,11.512,40494.297,Cluster_950.8156_11.512,950.8156_11.512;951.819_11.515,2
951.7153_7.77,10556.802992831352,13235.350480527311,1.2537271453786567,5.38e-4,0.32622340169536007,3.2692177243336107,951.7153,7.77,12075.074,951.7153_7.77,951.7153_7.77,1
963.8345_12.135,3388.424408844543,2582.155611168881,0.7620520040018833,0.0173,-0.3920386413215163,1.7619538968712045,963.8345,12.135,3059.0051,963.8345_12.135,963.8345_12.135,1
965.7308_7.761,7672.435224606631,9510.661037189839,1.2395883130675052,0.00513,0.3098610582627786,2.2898826348881838,965.7308,7.761,8441.436,965.7308_7.761,965.7308_7.761,1
971.877_11.497,22526.36190780793,29439.97046773782,1.3069119011860297,0.0274,0.38616189246783944,1.562249437179612,971.877,11.497,24645.76,971.877_11.497,971.877_11.497,1
972.8574_11.264,3470.6908863123235,2815.977935970368,0.8113594751627101,0.00606,-0.3015868485939,2.217527375833714,972.8574,11.264,3171.2522,972.8574_11.264,972.8574_11.264,1
972.8_11.345,9555.340917450954,11449.932473144736,1.1982756630099594,0.0395,0.26095983793370564,1.4034029043735399,972.8,11.345,10159.153,972.8_11.345,972.8_11.345,1
993.7984_10.238,3061.1242244770356,3989.62159087684,1.3033190744026173,3.96e-4,0.3821903231277155,3.402304814074488,993.7984,10.238,3254.098,993.7984_10.238,993.7984_10.238,1
